Date,Contest number,Word,Number of  reported results,Number in hard mode,1 try,2 tries,3 tries,4 tries,5 tries,6 tries,7 or more tries (X),Word frequency,Is Single Syllable,Concreteness,Letter frequency,Is Repeated
44926.0,560.0,manly,20380.0,1899.0,0.0,2.0,17.0,37.0,29.0,12.0,2.0,3.1156760000000003e-06,False,2.03,0.0466,False
44924.0,558.0,havoc,20001.0,1919.0,0.0,2.0,16.0,38.0,30.0,12.0,2.0,2.419932e-06,False,2.18,0.051160000000000004,False
44922.0,556.0,condo,20879.0,2012.0,0.0,2.0,17.0,35.0,29.0,14.0,3.0,1.960344e-06,False,4.76,0.0576,True
44921.0,555.0,judge,20011.0,2043.0,0.0,2.0,8.0,16.0,26.0,33.0,14.0,5.1865560000000004e-05,True,3.75,0.0445,False
44920.0,554.0,extra,15554.0,1562.0,1.0,5.0,20.0,35.0,28.0,10.0,1.0,3.939072e-05,False,2.46,0.07289999999999999,False
44919.0,553.0,poise,20281.0,1911.0,2.0,11.0,34.0,32.0,15.0,6.0,1.0,1.100621e-06,True,2.39,0.07139999999999999,False
44918.0,552.0,aorta,21937.0,2112.0,0.0,7.0,26.0,35.0,20.0,10.0,3.0,2.842526e-06,False,4.61,0.078,True
44917.0,551.0,excel,20490.0,2034.0,0.0,1.0,13.0,34.0,34.0,15.0,2.0,6.2910320000000005e-06,False,2.15,0.06589999999999999,True
44916.0,550.0,lunar,22180.0,2036.0,0.0,5.0,32.0,40.0,17.0,4.0,0.0,3.3237359999999998e-06,False,3.56,0.055400000000000005,False
44915.0,549.0,third,24137.0,2261.0,1.0,10.0,47.0,32.0,9.0,2.0,0.0,0.00015541219999999997,True,3.44,0.065,False
44914.0,548.0,slate,26010.0,2422.0,6.0,14.0,33.0,27.0,13.0,5.0,1.0,3.560934e-06,True,4.58,0.08120000000000001,False
44913.0,547.0,taper,22166.0,2108.0,0.0,8.0,28.0,30.0,20.0,11.0,3.0,1.4024260000000002e-06,False,3.56,0.0764,False
44912.0,546.0,chord,22336.0,2088.0,0.0,7.0,39.0,38.0,13.0,3.0,0.0,3.783996e-06,True,4.29,0.05339999999999999,False
44911.0,545.0,probe,22853.0,2160.0,0.0,6.0,24.0,32.0,24.0,11.0,3.0,8.528416e-06,True,3.62,0.0598,False
44910.0,544.0,rival,22176.0,2127.0,0.0,7.0,27.0,35.0,22.0,8.0,1.0,9.911916000000001e-06,False,3.03,0.05236,False
44909.0,543.0,usual,20824.0,2048.0,0.0,3.0,20.0,39.0,27.0,10.0,1.0,4.76482e-05,False,1.9,0.04820000000000001,True
44908.0,542.0,spoke,24101.0,2224.0,0.0,6.0,31.0,38.0,19.0,5.0,0.0,7.67222e-05,True,3.38,0.058940000000000006,False
44907.0,541.0,apply,22873.0,2150.0,0.0,5.0,28.0,38.0,22.0,7.0,1.0,5.697018e-05,False,2.5,0.036,True
44906.0,540.0,naive,21947.0,2075.0,1.0,7.0,24.0,32.0,24.0,11.0,1.0,3.747224e-06,False,1.85,0.07176,False
44905.0,539.0,knock,21157.0,2041.0,0.0,3.0,18.0,43.0,27.0,8.0,1.0,1.489196e-05,True,4.24,0.03708,True
44904.0,538.0,braid,23640.0,2165.0,0.0,10.0,36.0,35.0,14.0,3.0,0.0,2.083498e-06,True,4.38,0.054000000000000006,False
44903.0,537.0,infer,21199.0,1863.0,0.0,3.0,19.0,33.0,26.0,14.0,3.0,4.191756000000001e-06,False,2.15,0.0698,False
44902.0,536.0,joust,24899.0,2388.0,0.0,6.0,29.0,34.0,21.0,8.0,2.0,2.180454e-07,True,4.03,0.05169999999999999,False
44901.0,535.0,amber,23509.0,2261.0,0.0,6.0,22.0,33.0,24.0,12.0,3.0,8.013106e-06,False,4.35,0.0622,False
44899.0,533.0,adore,25577.0,2398.0,2.0,17.0,32.0,29.0,15.0,5.0,1.0,2.045672e-06,False,2.34,0.078,False
44898.0,532.0,torso,23873.0,2260.0,0.0,4.0,35.0,36.0,17.0,6.0,1.0,4.155722e-06,False,4.83,0.0728,True
44897.0,531.0,chafe,24646.0,2343.0,0.0,6.0,30.0,33.0,19.0,9.0,2.0,3.5859320000000005e-07,True,3.42,0.06459999999999999,False
44896.0,530.0,eject,22628.0,2200.0,0.0,2.0,11.0,35.0,36.0,14.0,2.0,5.02315e-07,False,3.22,0.07610000000000001,True
44895.0,529.0,study,2569.0,2405.0,0.0,6.0,30.0,33.0,19.0,10.0,2.0,0.00025894939999999994,False,3.7,0.048999999999999995,False
44894.0,528.0,undue,23739.0,2316.0,0.0,3.0,19.0,35.0,29.0,13.0,2.0,3.022344e-06,False,1.67,0.05920000000000001,True
44893.0,527.0,tepid,26051.0,2484.0,0.0,10.0,38.0,35.0,13.0,3.0,0.0,6.916036e-07,False,2.52,0.0706,False
44892.0,526.0,happy,25206.0,2356.0,0.0,6.0,28.0,39.0,19.0,6.0,1.0,9.546254000000001e-05,False,2.56,0.0402,True
44891.0,525.0,clean,26381.0,2424.0,1.0,17.0,36.0,31.0,12.0,3.0,0.0,5.083136e-05,True,3.07,0.0694,False
44890.0,524.0,itchy,24197.0,2329.0,0.0,8.0,28.0,40.0,18.0,5.0,1.0,8.960059999999999e-07,False,3.21,0.054000000000000006,False
44889.0,523.0,feast,27705.0,2725.0,5.0,13.0,25.0,27.0,19.0,10.0,2.0,1.1086804e-05,True,4.3,0.0776,False
44888.0,522.0,drive,26663.0,2451.0,1.0,12.0,32.0,30.0,18.0,6.0,1.0,6.78319e-05,True,3.86,0.06255999999999999,False
44887.0,521.0,prime,27437.0,2534.0,1.0,10.0,26.0,32.0,21.0,9.0,1.0,3.1051880000000005e-05,True,2.48,0.06060000000000001,False
44886.0,520.0,axiom,24288.0,2382.0,0.0,5.0,19.0,33.0,27.0,13.0,3.0,1.9975440000000003e-06,False,2.0,0.05050000000000001,False
44885.0,519.0,brave,24991.0,2396.0,1.0,6.0,17.0,27.0,27.0,18.0,5.0,1.560208e-05,True,2.26,0.05936,False
44884.0,518.0,avert,24749.0,2400.0,0.0,7.0,26.0,35.0,22.0,9.0,1.0,1.7037139999999998e-06,False,2.41,0.07456,False
44882.0,516.0,there,27465.0,2530.0,0.0,14.0,35.0,33.0,14.0,4.0,0.0,0.001763988,True,2.2,0.09440000000000001,True
44881.0,515.0,baker,25576.0,2541.0,0.0,5.0,16.0,23.0,24.0,22.0,10.0,1.3764259999999999e-05,False,4.71,0.058940000000000006,False
44880.0,514.0,snarl,27475.0,2650.0,0.0,5.0,21.0,31.0,24.0,15.0,4.0,1.491962e-06,True,4.0,0.0624,False
44879.0,513.0,maple,26536.0,2467.0,1.0,6.0,26.0,36.0,21.0,8.0,1.0,4.425158e-06,False,4.46,0.05900000000000001,False
44877.0,511.0,valet,24660.0,2356.0,0.0,4.0,22.0,38.0,25.0,9.0,1.0,2.005048e-06,False,4.26,0.07056,False
44876.0,510.0,medal,25993.0,2438.0,0.0,5.0,25.0,38.0,23.0,8.0,1.0,4.475189999999999e-06,False,4.89,0.0638,False
44875.0,509.0,unite,27467.0,2575.0,1.0,11.0,31.0,33.0,18.0,5.0,1.0,4.5379440000000006e-06,False,2.58,0.0772,False
44874.0,508.0,rainy,28984.0,2678.0,1.0,16.0,38.0,31.0,11.0,3.0,1.0,3.3627880000000003e-06,False,4.32,0.059800000000000006,False
44873.0,507.0,spell,27213.0,2531.0,0.0,4.0,24.0,37.0,24.0,9.0,1.0,1.427038e-05,True,3.32,0.058399999999999994,True
44872.0,506.0,begin,26096.0,2439.0,0.0,6.0,26.0,36.0,23.0,7.0,1.0,7.206562e-05,False,2.56,0.06040000000000001,False
44871.0,505.0,stale,31068.0,3013.0,2.0,19.0,30.0,27.0,15.0,6.0,2.0,2.71308e-06,True,3.48,0.0812,False
44870.0,504.0,dream,29743.0,2751.0,5.0,14.0,31.0,29.0,15.0,4.0,1.0,5.3801559999999994e-05,True,2.6,0.0678,False
44869.0,503.0,photo,27330.0,2565.0,0.0,5.0,34.0,43.0,15.0,3.0,0.0,2.8458819999999997e-05,False,4.93,0.06420000000000001,True
44868.0,502.0,aloud,29554.0,2819.0,1.0,18.0,31.0,30.0,15.0,4.0,1.0,1.154556e-05,False,3.1,0.0536,False
44867.0,501.0,inept,27670.0,2640.0,0.0,6.0,30.0,39.0,20.0,6.0,1.0,8.402978000000001e-07,False,1.74,0.0754,False
44865.0,499.0,aptly,26498.0,2572.0,0.0,3.0,26.0,41.0,23.0,7.0,1.0,2.0593580000000002e-06,False,1.66,0.0504,False
44864.0,498.0,waltz,24672.0,2496.0,0.0,2.0,11.0,29.0,35.0,19.0,3.0,2.0002379999999997e-06,True,4.52,0.047548,False
44863.0,497.0,libel,25156.0,2536.0,0.0,3.0,15.0,32.0,32.0,16.0,2.0,1.56705e-06,False,2.21,0.059,True
44862.0,496.0,sneak,27905.0,2636.0,0.0,7.0,28.0,36.0,21.0,7.0,1.0,4.479848e-06,True,2.82,0.06994,False
44861.0,495.0,carry,27609.0,2615.0,0.0,4.0,22.0,35.0,24.0,12.0,3.0,5.760598e-05,False,4.04,0.049999999999999996,True
44859.0,493.0,foggy,28953.0,2817.0,0.0,2.0,13.0,35.0,32.0,15.0,3.0,1.3907100000000001e-06,False,3.8,0.0314,True
44858.0,492.0,fault,28947.0,2768.0,0.0,7.0,27.0,35.0,22.0,8.0,1.0,3.070892e-05,True,2.41,0.0526,False
44857.0,491.0,mummy,29279.0,3021.0,0.0,1.0,4.0,14.0,27.0,37.0,18.0,3.6918080000000006e-06,False,4.72,0.024,True
44855.0,489.0,grove,28637.0,2794.0,0.0,4.0,18.0,30.0,28.0,17.0,3.0,7.545198e-06,True,4.76,0.05896,False
44854.0,488.0,denim,28741.0,2769.0,0.0,5.0,29.0,40.0,20.0,5.0,0.0,1.5921079999999998e-06,False,4.77,0.0668,False
44853.0,487.0,quirk,28322.0,2794.0,0.0,3.0,23.0,39.0,24.0,9.0,2.0,9.261552e-07,True,2.25,0.033330000000000005,False
44852.0,486.0,exist,28612.0,2805.0,0.0,5.0,24.0,38.0,23.0,8.0,1.0,5.2841659999999996e-05,False,2.38,0.07110000000000001,False
44850.0,484.0,spade,30459.0,2854.0,1.0,8.0,29.0,36.0,19.0,6.0,1.0,1.8603980000000002e-06,True,4.46,0.0674,False
44849.0,483.0,catch,30403.0,3123.0,0.0,7.0,18.0,20.0,15.0,16.0,23.0,4.1496959999999996e-05,True,4.11,0.05800000000000001,True
44848.0,482.0,floor,28906.0,2752.0,0.0,3.0,23.0,44.0,24.0,6.0,0.0,0.00010559453999999999,True,4.8,0.054400000000000004,True
44847.0,481.0,equal,27197.0,2677.0,0.0,5.0,23.0,35.0,25.0,11.0,2.0,6.838432e-05,False,2.56,0.05619,False
44846.0,480.0,ionic,29151.0,2947.0,0.0,2.0,13.0,25.0,28.0,21.0,11.0,5.003394e-06,False,2.14,0.06200000000000001,True
44845.0,479.0,valid,28575.0,2752.0,0.0,4.0,28.0,38.0,21.0,8.0,1.0,2.209962e-05,False,2.27,0.048960000000000004,False
44844.0,478.0,enjoy,26878.0,2654.0,0.0,3.0,12.0,29.0,33.0,20.0,3.0,4.2062760000000004e-05,False,2.29,0.05870000000000001,False
44843.0,477.0,howdy,28408.0,2668.0,0.0,2.0,13.0,32.0,32.0,17.0,4.0,3.79938e-07,False,2.27,0.0446,False
44842.0,476.0,vigor,26905.0,2642.0,0.0,2.0,15.0,35.0,31.0,14.0,2.0,2.356196e-06,False,2.27,0.04696,False
44841.0,475.0,dandy,29026.0,2840.0,0.0,2.0,11.0,23.0,29.0,24.0,11.0,1.3049859999999998e-06,False,2.73,0.051000000000000004,True
44840.0,474.0,sloth,32522.0,2987.0,1.0,10.0,38.0,34.0,13.0,3.0,0.0,8.071266e-07,True,4.83,0.066,False
44839.0,473.0,march,30935.0,2885.0,0.0,9.0,30.0,35.0,19.0,6.0,1.0,8.400524e-05,True,4.03,0.051000000000000004,False
44837.0,471.0,sting,32288.0,2969.0,1.0,10.0,30.0,33.0,18.0,8.0,2.0,4.37337e-06,True,4.41,0.06220000000000001,False
44836.0,470.0,twine,30088.0,2775.0,0.0,6.0,28.0,40.0,20.0,5.0,1.0,1.080312e-06,True,4.03,0.0764,False
44835.0,469.0,leave,28202.0,2696.0,0.0,4.0,16.0,34.0,31.0,12.0,1.0,0.00015926379999999998,True,2.53,0.07836,True
44834.0,468.0,scorn,31223.0,2859.0,0.0,8.0,31.0,35.0,20.0,6.0,1.0,3.7863999999999994e-06,True,2.59,0.0586,False
44833.0,467.0,scald,30477.0,2829.0,0.0,4.0,23.0,36.0,24.0,11.0,2.0,2.44763e-07,True,3.42,0.0512,False
44832.0,466.0,usurp,31355.0,3007.0,0.0,3.0,21.0,38.0,26.0,9.0,1.0,5.600184e-07,False,2.32,0.039599999999999996,True
44831.0,465.0,soggy,30985.0,2888.0,0.0,2.0,18.0,38.0,28.0,11.0,2.0,9.392799999999999e-07,False,3.28,0.039599999999999996,True
44830.0,464.0,brisk,31706.0,2884.0,0.0,5.0,23.0,38.0,24.0,7.0,1.0,2.858436e-06,True,2.5,0.043140000000000005,False
44829.0,463.0,admit,28994.0,2677.0,0.0,10.0,25.0,34.0,22.0,8.0,1.0,2.819082e-05,False,2.32,0.062,False
44828.0,462.0,grate,32777.0,3077.0,1.0,14.0,29.0,28.0,16.0,8.0,3.0,2.0024779999999997e-06,True,4.82,0.0766,False
44827.0,461.0,glory,31509.0,2893.0,0.0,6.0,30.0,39.0,19.0,5.0,0.0,2.791356e-05,False,1.45,0.043,False
44826.0,460.0,saint,34455.0,3119.0,1.0,14.0,35.0,29.0,15.0,5.0,1.0,2.562898e-05,True,3.45,0.0746,False
44825.0,459.0,recap,31976.0,2900.0,0.0,5.0,30.0,35.0,21.0,8.0,1.0,7.43256e-07,False,2.48,0.0638,False
44824.0,458.0,alike,31277.0,2843.0,0.0,6.0,20.0,33.0,27.0,12.0,2.0,1.421084e-05,False,2.38,0.06594,False
44822.0,456.0,stick,33102.0,3038.0,1.0,9.0,36.0,35.0,14.0,4.0,0.0,2.80941e-05,True,4.59,0.05194,False
44821.0,455.0,chute,33418.0,3073.0,0.0,11.0,37.0,36.0,12.0,3.0,0.0,1.157864e-06,True,4.61,0.0676,False
44819.0,453.0,doubt,33344.0,3011.0,1.0,12.0,32.0,34.0,16.0,4.0,0.0,7.28667e-05,True,1.79,0.0504,False
44818.0,452.0,thyme,32142.0,2938.0,1.0,5.0,24.0,41.0,23.0,5.0,0.0,2.429484e-06,True,4.96,0.0652,False
44817.0,451.0,alpha,29497.0,2706.0,0.0,3.0,19.0,40.0,28.0,9.0,1.0,1.2388300000000001e-05,False,1.81,0.056799999999999996,True
44816.0,450.0,booze,29147.0,2883.0,0.0,1.0,7.0,27.0,38.0,23.0,4.0,1.9134640000000003e-06,True,4.48,0.059148,True
44815.0,449.0,tibia,27887.0,2675.0,0.0,1.0,14.0,40.0,30.0,12.0,2.0,1.400848e-06,False,4.48,0.0656,True
44814.0,448.0,lofty,29237.0,2777.0,0.0,4.0,19.0,34.0,27.0,13.0,3.0,4.62448e-06,False,1.89,0.04959999999999999,False
44813.0,447.0,theme,32172.0,2909.0,0.0,8.0,29.0,40.0,18.0,4.0,0.0,2.572092e-05,True,2.72,0.08720000000000001,True
44812.0,446.0,class,31962.0,3001.0,0.0,4.0,21.0,32.0,22.0,13.0,7.0,0.000162074,True,3.85,0.055200000000000006,True
44811.0,445.0,leery,30992.0,2873.0,0.0,3.0,17.0,37.0,28.0,12.0,2.0,3.2902799999999997e-07,False,2.03,0.07600000000000001,True
44810.0,444.0,taunt,32734.0,3022.0,0.0,4.0,19.0,27.0,21.0,16.0,13.0,1.019362e-06,True,2.93,0.0718,True
44809.0,443.0,whoop,32733.0,2970.0,0.0,1.0,16.0,47.0,29.0,7.0,1.0,8.112173999999999e-07,True,3.13,0.0508,True
44808.0,442.0,inter,32018.0,2889.0,0.0,6.0,25.0,36.0,23.0,8.0,1.0,1.81771e-05,False,2.22,0.0836,False
44807.0,441.0,gully,31191.0,2877.0,0.0,1.0,9.0,27.0,31.0,25.0,7.0,1.280928e-06,False,4.33,0.029599999999999998,True
44806.0,440.0,charm,35724.0,3149.0,1.0,12.0,32.0,34.0,16.0,5.0,1.0,1.0215244e-05,True,2.76,0.051000000000000004,False
44805.0,439.0,fungi,31903.0,2928.0,0.0,2.0,18.0,41.0,28.0,9.0,1.0,5.215697999999999e-06,False,4.6,0.041400000000000006,False
44804.0,438.0,prize,35343.0,3166.0,0.0,5.0,12.0,20.0,32.0,26.0,5.0,1.4332400000000002e-05,True,4.45,0.055948,False
44803.0,437.0,onset,33660.0,3009.0,0.0,4.0,29.0,40.0,21.0,6.0,1.0,1.5109339999999999e-05,False,2.14,0.08520000000000001,False
44802.0,436.0,chief,34281.0,3072.0,1.0,6.0,32.0,38.0,18.0,5.0,0.0,6.500580000000001e-05,True,4.26,0.06220000000000001,False
44801.0,435.0,gauze,30214.0,2866.0,0.0,2.0,11.0,24.0,31.0,25.0,8.0,1.7240499999999998e-06,True,4.62,0.05214799999999999,False
44799.0,433.0,irony,34716.0,3046.0,0.0,6.0,29.0,34.0,21.0,8.0,1.0,7.745302e-06,False,1.59,0.05840000000000001,False
44798.0,432.0,clown,36737.0,3175.0,1.0,8.0,29.0,36.0,20.0,6.0,1.0,2.5680060000000004e-06,True,4.9,0.0468,False
44797.0,431.0,needy,33700.0,2927.0,0.0,2.0,21.0,41.0,26.0,9.0,1.0,3.5299500000000004e-06,False,2.28,0.078,True
44796.0,430.0,woven,33549.0,2933.0,0.0,2.0,13.0,32.0,32.0,17.0,3.0,5.161908e-06,False,3.15,0.061160000000000006,False
44795.0,429.0,merit,35888.0,3123.0,0.0,7.0,33.0,37.0,17.0,5.0,0.0,9.969728e-06,False,1.66,0.075,False
44794.0,428.0,waste,35617.0,3186.0,1.0,7.0,19.0,27.0,24.0,17.0,5.0,4.196058e-05,True,3.24,0.078,False
44793.0,427.0,treat,38245.0,3249.0,1.0,22.0,32.0,26.0,14.0,5.0,1.0,3.3986900000000005e-05,True,3.79,0.09080000000000002,True
44792.0,426.0,shrug,33965.0,2987.0,0.0,4.0,23.0,36.0,26.0,10.0,1.0,5.191166000000001e-06,True,4.21,0.0464,False
44791.0,425.0,twang,34938.0,3172.0,0.0,3.0,22.0,43.0,25.0,7.0,1.0,4.4653960000000006e-07,True,2.96,0.0568,False
44790.0,424.0,twice,35815.0,3173.0,1.0,6.0,28.0,38.0,21.0,6.0,1.0,3.7745419999999994e-05,True,2.93,0.0686,False
44789.0,423.0,gruel,35105.0,3087.0,0.0,3.0,19.0,39.0,29.0,9.0,1.0,4.168376e-07,False,3.93,0.0556,False
44788.0,422.0,poker,35376.0,3180.0,0.0,4.0,17.0,30.0,27.0,17.0,5.0,3.473986e-06,False,4.2,0.05834,False
44787.0,421.0,khaki,31652.0,2968.0,0.0,2.0,17.0,33.0,28.0,16.0,4.0,1.3224e-06,False,4.19,0.045680000000000005,True
44786.0,420.0,hunky,35276.0,3185.0,0.0,1.0,11.0,33.0,25.0,22.0,7.0,2.73659e-07,False,2.42,0.03674,False
44785.0,419.0,label,34198.0,3076.0,0.0,4.0,18.0,32.0,29.0,15.0,2.0,1.890204e-05,False,4.46,0.061399999999999996,True
44784.0,418.0,glean,37301.0,3243.0,0.0,6.0,23.0,37.0,24.0,8.0,1.0,8.634564e-07,True,2.5,0.0678,False
44783.0,417.0,cling,37654.0,3312.0,0.0,4.0,20.0,34.0,27.0,13.0,2.0,3.4261119999999996e-06,True,3.59,0.045,False
44782.0,416.0,patty,36223.0,3019.0,0.0,2.0,16.0,39.0,29.0,12.0,1.0,3.3401740000000004e-06,False,4.38,0.06060000000000001,True
44781.0,415.0,unfit,35516.0,3187.0,0.0,3.0,24.0,38.0,25.0,9.0,1.0,2.294658e-06,False,1.89,0.055600000000000004,False
44780.0,414.0,smear,36223.0,3190.0,0.0,2.0,16.0,39.0,29.0,12.0,2.0,2.323496e-06,True,3.66,0.0718,False
44779.0,413.0,alien,38841.0,3395.0,3.0,17.0,31.0,29.0,15.0,4.0,0.0,1.2803640000000002e-05,False,3.52,0.07780000000000001,False
44778.0,412.0,buggy,37350.0,3428.0,0.0,1.0,9.0,29.0,34.0,22.0,5.0,2.064934e-06,False,4.18,0.0206,True
44777.0,411.0,rhyme,37229.0,3336.0,0.0,4.0,22.0,39.0,25.0,8.0,1.0,3.20681e-06,True,3.29,0.059,False
44776.0,410.0,youth,38381.0,3327.0,1.0,5.0,17.0,31.0,29.0,15.0,3.0,5.3241140000000004e-05,True,3.28,0.05500000000000001,False
44775.0,409.0,coyly,34909.0,3380.0,0.0,0.0,4.0,17.0,28.0,35.0,15.0,4.2538860000000003e-07,False,1.92,0.0366,True
44774.0,408.0,quart,36662.0,3303.0,0.0,5.0,20.0,33.0,27.0,13.0,2.0,1.8102859999999999e-06,True,4.57,0.052390000000000006,False
44773.0,407.0,cramp,39250.0,3369.0,1.0,8.0,26.0,33.0,19.0,10.0,2.0,8.174342000000001e-07,True,4.09,0.04259999999999999,False
44772.0,406.0,bluff,37353.0,3171.0,0.0,2.0,14.0,42.0,31.0,10.0,1.0,3.2540700000000003e-06,True,3.0,0.0254,True
44771.0,405.0,upset,37791.0,3213.0,0.0,5.0,30.0,38.0,20.0,6.0,1.0,1.929382e-05,False,2.41,0.0662,False
44770.0,404.0,stomp,40650.0,3490.0,0.0,7.0,26.0,32.0,21.0,11.0,2.0,7.949276e-07,True,4.41,0.054400000000000004,False
44769.0,403.0,motto,38384.0,3285.0,0.0,1.0,11.0,36.0,36.0,14.0,1.0,2.922292e-06,False,2.48,0.07120000000000001,True
44768.0,402.0,cinch,39171.0,3507.0,0.0,2.0,15.0,24.0,22.0,25.0,13.0,3.4101939999999996e-07,True,3.07,0.0508,True
44767.0,401.0,elope,39228.0,3339.0,0.0,4.0,22.0,32.0,26.0,13.0,2.0,2.621828e-07,False,2.81,0.07880000000000001,True
44766.0,400.0,power,39813.0,3401.0,2.0,6.0,19.0,29.0,24.0,15.0,4.0,0.0003364674,False,2.04,0.0616,False
44764.0,398.0,tryst,43099.0,3665.0,0.0,3.0,26.0,41.0,23.0,6.0,1.0,4.522726e-07,True,2.04,0.06499999999999999,True
44763.0,397.0,aphid,39086.0,3367.0,0.0,6.0,24.0,36.0,23.0,9.0,2.0,4.014522e-07,False,4.76,0.05500000000000001,False
44762.0,396.0,trite,42237.0,3685.0,0.0,4.0,14.0,22.0,22.0,23.0,15.0,5.52296e-07,True,2.09,0.0884,True
44761.0,395.0,angry,39667.0,3358.0,0.0,5.0,27.0,38.0,21.0,7.0,1.0,4.058566e-05,False,2.53,0.0498,False
44760.0,394.0,flock,42574.0,3548.0,0.0,4.0,22.0,37.0,27.0,9.0,1.0,6.199398e-06,True,4.67,0.03454,False
44759.0,393.0,wacky,39611.0,3345.0,0.0,3.0,18.0,39.0,27.0,10.0,2.0,3.55536e-07,False,2.0,0.03234,False
44758.0,392.0,roomy,38769.0,3280.0,0.0,2.0,17.0,41.0,28.0,10.0,2.0,4.4344219999999994e-07,False,2.83,0.0508,True
44757.0,391.0,wedge,39234.0,3353.0,0.0,2.0,11.0,32.0,37.0,17.0,2.0,4.073570000000001e-06,True,4.41,0.06939999999999999,True
44756.0,390.0,liver,40549.0,3388.0,0.0,4.0,16.0,26.0,25.0,20.0,8.0,2.454614e-05,False,4.68,0.06196,False
44755.0,389.0,bland,46246.0,3727.0,0.0,7.0,31.0,38.0,18.0,4.0,0.0,2.967486e-06,True,2.38,0.0494,False
44754.0,388.0,night,46910.0,3870.0,1.0,8.0,27.0,27.0,17.0,13.0,7.0,0.0002603856,True,4.52,0.0618,False
44753.0,387.0,madam,40545.0,3430.0,0.0,3.0,13.0,35.0,34.0,14.0,2.0,7.3336720000000015e-06,False,3.77,0.05100000000000001,True
44751.0,385.0,stead,47094.0,3933.0,1.0,6.0,20.0,27.0,28.0,16.0,3.0,2.429294e-06,True,2.76,0.08180000000000001,False
44750.0,384.0,voice,42806.0,3484.0,1.0,5.0,24.0,35.0,25.0,9.0,1.0,0.00020778960000000001,True,4.13,0.06255999999999999,False
44748.0,382.0,fluff,47344.0,4049.0,0.0,0.0,4.0,25.0,44.0,23.0,4.0,8.636338e-07,True,3.8,0.026799999999999997,True
44747.0,381.0,field,44578.0,3604.0,1.0,6.0,25.0,36.0,23.0,9.0,1.0,0.0001579354,True,4.26,0.061,False
44746.0,380.0,sever,42645.0,3591.0,0.0,2.0,13.0,27.0,29.0,21.0,7.0,1.224274e-06,False,4.0,0.07855999999999999,True
44745.0,379.0,lilac,40486.0,3461.0,0.0,2.0,17.0,38.0,29.0,12.0,1.0,1.204662e-06,False,4.69,0.05200000000000001,True
44742.0,376.0,hutch,44212.0,3758.0,0.0,1.0,12.0,28.0,28.0,21.0,9.0,5.893736e-07,True,4.31,0.0538,True
44741.0,375.0,gawky,45645.0,3957.0,0.0,1.0,5.0,22.0,33.0,28.0,10.0,1.547874e-07,False,2.46,0.03074,False
44739.0,373.0,retro,47986.0,3848.0,0.0,6.0,24.0,35.0,24.0,9.0,1.0,1.0860886000000002e-06,False,2.21,0.08320000000000001,True
44738.0,372.0,rusty,50450.0,3954.0,0.0,9.0,37.0,34.0,13.0,5.0,1.0,4.389946e-06,False,3.9,0.0524,False
44737.0,371.0,beady,46089.0,3670.0,0.0,3.0,19.0,39.0,29.0,10.0,1.0,5.599028e-07,False,3.46,0.05800000000000001,False
44735.0,369.0,brink,53111.0,4118.0,0.0,4.0,22.0,41.0,24.0,7.0,1.0,3.4653339999999998e-06,True,2.48,0.04394000000000001,False
44734.0,368.0,awful,47645.0,3861.0,0.0,5.0,21.0,33.0,27.0,12.0,2.0,1.57734e-05,False,1.92,0.0392,False
44733.0,367.0,gloat,53342.0,4194.0,0.0,8.0,21.0,31.0,26.0,12.0,2.0,3.8842839999999996e-07,True,2.3,0.06160000000000001,False
44732.0,366.0,input,50484.0,3950.0,0.0,5.0,30.0,38.0,21.0,6.0,1.0,4.182678e-05,False,2.5,0.05500000000000001,False
44731.0,365.0,loser,55359.0,4399.0,1.0,10.0,28.0,32.0,19.0,8.0,2.0,2.284684e-06,False,2.35,0.0736,False
44729.0,363.0,blown,54665.0,4251.0,0.0,6.0,23.0,35.0,26.0,10.0,1.0,9.05491e-06,True,2.88,0.0442,False
44728.0,362.0,apron,53430.0,4112.0,0.0,7.0,30.0,38.0,19.0,5.0,1.0,4.063688e-06,False,4.87,0.0606,False
44726.0,360.0,atone,59968.0,4762.0,2.0,16.0,34.0,29.0,14.0,4.0,1.0,8.432026000000001e-07,False,1.88,0.089,False
44725.0,359.0,donor,53802.0,4142.0,0.0,3.0,27.0,38.0,23.0,7.0,1.0,9.929212e-06,False,3.54,0.064,True
44724.0,358.0,float,56684.0,4323.0,1.0,12.0,30.0,32.0,18.0,6.0,1.0,6.6234940000000005e-06,True,4.07,0.06200000000000001,False
44723.0,357.0,goose,51958.0,4087.0,0.0,2.0,12.0,28.0,32.0,21.0,5.0,4.836776e-06,True,4.81,0.0726,True
44722.0,356.0,piety,55376.0,4324.0,0.0,4.0,25.0,41.0,22.0,7.0,1.0,4.73588e-06,False,1.56,0.06600000000000002,False
44721.0,355.0,girth,60020.0,4665.0,0.0,6.0,23.0,33.0,23.0,12.0,3.0,9.838357999999999e-07,True,3.48,0.06040000000000001,False
44720.0,354.0,trait,61026.0,4607.0,0.0,6.0,22.0,35.0,24.0,11.0,2.0,7.849066000000001e-06,True,2.72,0.07880000000000001,True
44719.0,353.0,flood,58991.0,4440.0,0.0,3.0,20.0,40.0,28.0,8.0,1.0,1.558304e-05,True,4.62,0.051000000000000004,True
44718.0,352.0,gloom,58478.0,4548.0,0.0,2.0,14.0,35.0,35.0,13.0,1.0,5.415357999999999e-06,True,1.86,0.0468,True
44717.0,351.0,depth,56738.0,4329.0,0.0,6.0,28.0,39.0,20.0,6.0,1.0,3.550968e-05,True,3.11,0.0688,False
44716.0,350.0,froth,58263.0,4432.0,0.0,5.0,22.0,35.0,25.0,11.0,1.0,8.509482000000001e-07,True,4.14,0.06179999999999999,False
44715.0,349.0,peach,65431.0,4957.0,1.0,13.0,38.0,32.0,13.0,3.0,0.0,3.4054499999999997e-06,True,4.9,0.064,False
44714.0,348.0,showy,61278.0,4770.0,0.0,2.0,16.0,37.0,30.0,13.0,2.0,7.52857e-07,False,2.43,0.0486,False
44713.0,347.0,creak,63241.0,4797.0,0.0,5.0,21.0,32.0,25.0,14.0,3.0,1.391816e-06,True,3.61,0.06154,False
44712.0,346.0,manor,62768.0,4802.0,0.0,6.0,27.0,34.0,21.0,10.0,2.0,4.895122e-06,False,4.7,0.0616,False
44710.0,344.0,bayou,56839.0,4435.0,0.0,6.0,17.0,33.0,29.0,13.0,2.0,8.809508e-07,False,4.54,0.044,False
44709.0,343.0,crept,60069.0,4562.0,0.0,4.0,27.0,38.0,22.0,7.0,1.0,7.827064e-06,True,2.93,0.06559999999999999,False
44708.0,342.0,tiara,63846.0,4842.0,0.0,8.0,36.0,33.0,17.0,6.0,1.0,6.193882e-07,False,4.89,0.077,True
44707.0,341.0,asset,63188.0,4733.0,0.0,7.0,28.0,34.0,21.0,8.0,1.0,2.15204e-05,False,2.92,0.08580000000000002,True
44706.0,340.0,vouch,62723.0,4835.0,0.0,2.0,9.0,25.0,33.0,24.0,6.0,6.864891999999999e-07,True,2.39,0.04036,False
44705.0,339.0,album,63380.0,4809.0,0.0,5.0,26.0,35.0,24.0,9.0,1.0,8.152288e-06,False,4.69,0.0378,False
44704.0,338.0,hinge,66431.0,4906.0,0.0,5.0,25.0,37.0,22.0,9.0,2.0,2.0653359999999997e-06,True,4.57,0.0696,False
44703.0,337.0,money,67909.0,4928.0,1.0,7.0,26.0,36.0,21.0,8.0,1.0,0.0001813774,False,4.54,0.0632,False
44702.0,336.0,scrap,66814.0,4973.0,1.0,9.0,28.0,34.0,20.0,8.0,1.0,4.415172e-06,True,4.15,0.0504,False
44701.0,335.0,gamer,69884.0,5238.0,1.0,4.0,17.0,28.0,26.0,18.0,6.0,4.4044639999999997e-07,False,4.0,0.0632,False
44700.0,334.0,glass,70920.0,5162.0,0.0,4.0,19.0,33.0,27.0,14.0,3.0,7.880316e-05,True,4.82,0.0536,True
44699.0,333.0,scour,73933.0,5544.0,0.0,8.0,34.0,35.0,17.0,5.0,1.0,8.942193999999999e-07,False,3.42,0.0508,False
44698.0,332.0,being,70722.0,5142.0,0.0,4.0,22.0,37.0,26.0,10.0,1.0,0.0006041744,False,1.93,0.06040000000000001,False
44697.0,331.0,delve,68349.0,5179.0,0.0,2.0,14.0,32.0,33.0,16.0,2.0,1.439982e-06,True,2.32,0.07056,True
44696.0,330.0,yield,67115.0,4963.0,0.0,4.0,16.0,29.0,29.0,18.0,4.0,2.821524e-05,True,2.93,0.0606,False
44695.0,329.0,metal,73225.0,5290.0,1.0,10.0,31.0,34.0,18.0,7.0,1.0,5.202783999999999e-05,False,4.87,0.07339999999999999,False
44694.0,328.0,tipsy,77585.0,5522.0,0.0,6.0,33.0,38.0,17.0,5.0,1.0,7.881790000000001e-07,False,2.35,0.0526,False
44693.0,327.0,slung,75673.0,5419.0,0.0,2.0,16.0,37.0,31.0,13.0,2.0,2.885554e-06,True,2.92,0.0436,False
44692.0,326.0,farce,79446.0,5688.0,0.0,9.0,26.0,32.0,21.0,9.0,1.0,1.52324e-06,True,2.32,0.0644,False
44691.0,325.0,gecko,74412.0,5489.0,0.0,2.0,16.0,38.0,29.0,12.0,2.0,3.33516e-07,False,4.76,0.05214,False
44690.0,324.0,shine,88932.0,6146.0,1.0,14.0,32.0,30.0,17.0,6.0,1.0,7.714616000000001e-06,True,3.85,0.0782,False
44688.0,322.0,midst,74458.0,5233.0,0.0,3.0,25.0,39.0,24.0,9.0,1.0,1.67161e-05,True,2.33,0.05820000000000001,False
44687.0,321.0,badge,76292.0,5482.0,0.0,4.0,20.0,35.0,26.0,12.0,2.0,3.925914e-06,True,4.93,0.05800000000000001,False
44685.0,319.0,train,107750.0,7243.0,6.0,26.0,32.0,22.0,10.0,3.0,0.0,4.924028e-05,True,4.79,0.074,False
44684.0,318.0,hairy,85817.0,5941.0,1.0,8.0,24.0,33.0,23.0,10.0,1.0,3.1570540000000002e-06,False,4.48,0.058600000000000006,False
44683.0,317.0,story,95643.0,6530.0,1.0,10.0,23.0,29.0,24.0,11.0,2.0,0.0001636616,False,3.3,0.0618,False
44682.0,316.0,forgo,77658.0,5699.0,0.0,1.0,9.0,26.0,37.0,23.0,3.0,9.424737999999999e-07,False,1.68,0.0504,True
44681.0,315.0,larva,77991.0,5749.0,0.0,2.0,10.0,25.0,35.0,23.0,4.0,9.263142000000001e-07,False,4.52,0.054759999999999996,True
44680.0,314.0,trash,106652.0,7001.0,2.0,19.0,34.0,27.0,13.0,4.0,1.0,6.82154e-06,True,4.7,0.07139999999999999,False
44678.0,312.0,shown,98967.0,6564.0,0.0,6.0,26.0,36.0,22.0,8.0,1.0,0.00013309480000000003,True,2.78,0.05800000000000001,False
44677.0,311.0,heist,103153.0,6830.0,1.0,13.0,32.0,31.0,16.0,6.0,1.0,4.181572e-07,True,3.3,0.083,False
44676.0,310.0,askew,91548.0,6549.0,0.0,3.0,13.0,29.0,32.0,19.0,4.0,8.697334e-07,False,3.04,0.06134000000000002,False
44675.0,309.0,inert,97452.0,6743.0,0.0,7.0,27.0,34.0,22.0,9.0,1.0,2.840616e-06,False,2.5,0.08360000000000001,False
44674.0,308.0,olive,95562.0,6482.0,1.0,6.0,25.0,34.0,23.0,10.0,1.0,1.582624e-05,False,4.9,0.06495999999999999,False
44673.0,307.0,plant,119232.0,7731.0,2.0,19.0,39.0,28.0,10.0,3.0,0.0,6.700368e-05,True,4.76,0.059800000000000006,False
44672.0,306.0,oxide,97955.0,6960.0,0.0,2.0,11.0,30.0,33.0,21.0,4.0,1.1343413999999999e-05,False,3.87,0.0639,False
44671.0,305.0,cargo,102007.0,6796.0,0.0,5.0,20.0,34.0,27.0,12.0,2.0,9.42218e-06,False,4.62,0.05299999999999999,False
44670.0,304.0,foyer,108899.0,8198.0,0.0,2.0,10.0,19.0,19.0,23.0,26.0,2.9088979999999997e-06,False,4.52,0.061399999999999996,False
44669.0,303.0,flair,112383.0,7341.0,1.0,8.0,30.0,36.0,18.0,6.0,1.0,1.428384e-06,True,2.46,0.0548,False
44668.0,302.0,ample,106681.0,7008.0,0.0,4.0,20.0,35.0,27.0,11.0,2.0,6.631154000000001e-06,False,2.5,0.05900000000000001,False
44667.0,301.0,cheek,107987.0,7035.0,0.0,3.0,19.0,40.0,28.0,9.0,1.0,2.5635699999999996e-05,True,4.83,0.07133999999999999,True
44666.0,300.0,shame,129991.0,8522.0,1.0,11.0,22.0,25.0,21.0,15.0,5.0,2.4099940000000002e-05,True,2.24,0.072,False
44665.0,299.0,mince,113448.0,7356.0,0.0,6.0,24.0,35.0,24.0,10.0,1.0,8.868963999999999e-07,True,4.0,0.0638,False
44664.0,298.0,chunk,123255.0,7835.0,1.0,4.0,29.0,42.0,18.0,5.0,1.0,2.9450000000000006e-06,True,3.86,0.03834,False
44663.0,297.0,royal,114907.0,7275.0,1.0,5.0,24.0,36.0,23.0,9.0,1.0,5.1411060000000004e-05,False,3.14,0.05539999999999999,False
44662.0,296.0,squad,109828.0,7236.0,0.0,3.0,20.0,33.0,27.0,14.0,2.0,6.1114920000000005e-06,True,3.65,0.04339,False
44661.0,295.0,black,126241.0,7894.0,1.0,10.0,31.0,34.0,18.0,6.0,1.0,0.0002237494,True,3.76,0.03454,False
44660.0,294.0,stair,134210.0,8537.0,2.0,21.0,36.0,26.0,11.0,4.0,1.0,2.49955e-06,True,4.93,0.0732,False
44659.0,293.0,scare,141158.0,9010.0,1.0,12.0,23.0,26.0,21.0,13.0,4.0,5.667022e-06,True,2.96,0.0726,False
44657.0,291.0,comma,117856.0,7560.0,0.0,2.0,13.0,33.0,33.0,17.0,3.0,1.7219239999999998e-06,False,4.65,0.046599999999999996,True
44656.0,290.0,natal,121356.0,7702.0,0.0,2.0,14.0,32.0,32.0,17.0,3.0,2.152084e-06,False,2.52,0.07239999999999999,True
44655.0,289.0,shawl,129651.0,7943.0,0.0,3.0,16.0,31.0,30.0,16.0,3.0,2.60439e-06,True,5.0,0.054000000000000006,False
44652.0,286.0,snout,144648.0,8913.0,1.0,4.0,19.0,27.0,26.0,18.0,5.0,1.413942e-06,True,4.89,0.0648,False
44651.0,285.0,lowly,135219.0,8469.0,0.0,2.0,9.0,26.0,32.0,24.0,8.0,2.2410780000000003e-06,False,1.71,0.039799999999999995,True
44650.0,284.0,stove,158139.0,9318.0,0.0,5.0,16.0,24.0,27.0,21.0,6.0,7.315317999999999e-06,True,4.96,0.07376,False
44649.0,283.0,shall,149070.0,8494.0,0.0,3.0,17.0,30.0,28.0,17.0,4.0,0.00025302040000000004,True,2.33,0.05720000000000001,True
44648.0,282.0,found,173696.0,10613.0,1.0,6.0,17.0,22.0,20.0,21.0,14.0,0.0003934374,True,2.53,0.047,False
44647.0,281.0,nymph,165468.0,9935.0,1.0,2.0,18.0,44.0,26.0,26.0,9.0,1.388424e-06,True,3.58,0.0382,False
44645.0,279.0,depot,150197.0,8562.0,0.0,5.0,29.0,36.0,20.0,7.0,1.0,3.2323900000000003e-06,False,4.14,0.0716,False
44644.0,278.0,chest,169066.0,9318.0,1.0,14.0,35.0,31.0,14.0,5.0,1.0,6.941442e-05,True,4.93,0.0746,False
44643.0,277.0,purge,156785.0,8555.0,1.0,4.0,22.0,35.0,26.0,11.0,2.0,2.169016e-06,True,2.88,0.0514,False
44642.0,276.0,slosh,160161.0,8807.0,0.0,2.0,19.0,36.0,27.0,13.0,2.0,1.7377520000000002e-07,True,2.84,0.060399999999999995,True
44641.0,275.0,their,173636.0,9200.0,2.0,14.0,36.0,30.0,13.0,4.0,0.0,0.002028576,True,3.34,0.0824,False
44640.0,274.0,renew,154987.0,8417.0,0.0,4.0,20.0,33.0,27.0,13.0,2.0,3.71405e-06,False,2.07,0.08220000000000001,True
44639.0,273.0,allow,156311.0,8515.0,0.0,5.0,21.0,32.0,26.0,14.0,3.0,8.98091e-05,False,2.41,0.0522,True
44637.0,271.0,movie,169071.0,8847.0,1.0,5.0,18.0,30.0,26.0,16.0,3.0,2.525518e-05,False,4.59,0.06176,False
44636.0,270.0,cater,217856.0,11234.0,1.0,7.0,19.0,22.0,19.0,18.0,15.0,1.7490899999999998e-06,False,3.07,0.0782,False
44635.0,269.0,tease,202855.0,10024.0,1.0,16.0,32.0,30.0,16.0,6.0,1.0,3.637382e-06,True,2.59,0.0992,True
44634.0,268.0,smelt,185406.0,9373.0,0.0,5.0,19.0,33.0,28.0,13.0,2.0,1.55889e-06,True,3.93,0.0696,False
44633.0,267.0,focus,179436.0,8937.0,1.0,4.0,23.0,36.0,24.0,10.0,1.0,0.00011842900000000001,False,2.35,0.0432,False
44632.0,266.0,today,192049.0,9353.0,1.0,7.0,29.0,35.0,20.0,7.0,1.0,0.0001486988,False,2.57,0.0622,False
44631.0,265.0,watch,226349.0,12400.0,1.0,6.0,14.0,18.0,17.0,24.0,20.0,7.34427e-05,True,4.61,0.05720000000000001,False
44630.0,264.0,lapse,208884.0,9960.0,0.0,8.0,31.0,34.0,19.0,7.0,1.0,2.905818e-06,True,2.85,0.0668,False
44629.0,263.0,month,201799.0,9435.0,1.0,5.0,26.0,37.0,22.0,8.0,1.0,6.324196e-05,True,4.2,0.0636,False
44628.0,262.0,sweet,207473.0,9767.0,1.0,5.0,18.0,31.0,28.0,15.0,2.0,5.17679e-05,True,4.0,0.08759999999999998,True
44627.0,261.0,hoard,218595.0,9823.0,1.0,9.0,30.0,34.0,19.0,7.0,1.0,1.113796e-06,True,3.33,0.06420000000000001,False
44626.0,260.0,cloth,218595.0,9911.0,1.0,8.0,33.0,34.0,17.0,7.0,1.0,1.7212639999999998e-05,True,4.9,0.05900000000000001,False
44625.0,259.0,brine,229895.0,10405.0,1.0,9.0,25.0,29.0,22.0,12.0,3.0,1.660144e-06,True,4.24,0.0684,False
44624.0,258.0,ahead,203730.0,9396.0,1.0,5.0,20.0,35.0,26.0,12.0,2.0,5.2857239999999995e-05,False,3.0,0.0796,True
44623.0,257.0,mourn,240018.0,10465.0,1.0,8.0,29.0,34.0,19.0,8.0,1.0,2.559808e-06,True,2.33,0.0508,False
44622.0,256.0,nasty,257304.0,10813.0,1.0,7.0,26.0,31.0,21.0,11.0,2.0,6.77708e-06,False,2.37,0.06460000000000002,False
44621.0,255.0,rupee,240137.0,10577.0,1.0,2.0,17.0,35.0,30.0,13.0,2.0,5.229967999999999e-07,False,4.68,0.07339999999999999,True
44620.0,254.0,choke,251094.0,10521.0,1.0,8.0,30.0,36.0,18.0,6.0,1.0,2.8815640000000004e-06,True,3.97,0.06033999999999999,False
44619.0,253.0,chant,250413.0,10438.0,1.0,9.0,33.0,33.0,16.0,7.0,1.0,3.126336e-06,True,4.0,0.0658,False
44618.0,252.0,spill,248363.0,10087.0,1.0,5.0,26.0,34.0,22.0,10.0,2.0,5.054578e-06,True,4.07,0.04640000000000001,True
44617.0,251.0,vivid,255907.0,11687.0,1.0,2.0,10.0,29.0,33.0,21.0,4.0,8.11974e-06,False,2.04,0.04052,True
44616.0,250.0,bloke,250674.0,10405.0,1.0,6.0,21.0,32.0,25.0,12.0,2.0,1.563362e-06,True,3.89,0.05354000000000001,False
44614.0,248.0,thorn,306356.0,11814.0,1.0,14.0,38.0,30.0,12.0,4.0,0.0,3.4461520000000005e-06,True,5.0,0.0708,False
44613.0,247.0,other,278731.0,10887.0,1.0,9.0,26.0,30.0,21.0,10.0,2.0,0.0012753340000000001,False,2.04,0.0834,False
44610.0,244.0,dodge,265238.0,10220.0,1.0,3.0,15.0,29.0,27.0,19.0,7.0,3.939022e-06,True,3.69,0.06219999999999999,True
44609.0,243.0,shake,342003.0,12767.0,1.0,6.0,16.0,23.0,24.0,21.0,9.0,2.1732e-05,True,4.07,0.06874,False
44608.0,242.0,caulk,289721.0,10740.0,1.0,4.0,20.0,31.0,26.0,15.0,3.0,1.0872316e-07,True,4.68,0.037140000000000006,False
44607.0,241.0,aroma,287836.0,10343.0,1.0,6.0,25.0,33.0,22.0,11.0,2.0,3.729052e-06,False,3.67,0.0646,True
44606.0,240.0,cynic,261521.0,10343.0,1.0,6.0,25.0,33.0,22.0,11.0,2.0,6.164864e-07,False,2.64,0.0426,True
44605.0,239.0,robin,277471.0,3249.0,1.0,6.0,29.0,34.0,21.0,8.0,1.0,1.075388e-05,False,4.61,0.05740000000000001,False
44604.0,238.0,ultra,269885.0,9310.0,1.0,7.0,23.0,34.0,24.0,10.0,1.0,5.0995940000000005e-06,False,1.55,0.0602,False
44603.0,237.0,ulcer,278826.0,10631.0,1.0,4.0,18.0,30.0,28.0,16.0,3.0,2.7188719999999996e-06,False,4.69,0.05720000000000001,False
44602.0,236.0,pause,304830.0,13480.0,1.0,8.0,26.0,32.0,21.0,10.0,2.0,1.8683760000000003e-05,True,2.38,0.0644,False
44601.0,235.0,humor,305372.0,13846.0,1.0,5.0,22.0,34.0,25.0,11.0,2.0,1.198942e-05,False,2.26,0.0496,False
44600.0,234.0,frame,336236.0,15369.0,1.0,10.0,20.0,24.0,24.0,17.0,3.0,4.214306e-05,True,4.3,0.06359999999999999,False
44599.0,233.0,elder,288228.0,13340.0,1.0,3.0,13.0,24.0,30.0,24.0,5.0,1.4761979999999999e-05,False,3.59,0.0806,True
44598.0,232.0,skill,311018.0,13716.0,1.0,3.0,17.0,33.0,27.0,16.0,3.0,2.8420799999999997e-05,True,2.17,0.04414,True
44597.0,231.0,aloft,319698.0,13708.0,1.0,4.0,22.0,36.0,25.0,11.0,2.0,2.367518e-06,False,2.64,0.062,False
44596.0,230.0,pleat,359679.0,14813.0,1.0,10.0,28.0,31.0,19.0,9.0,2.0,1.287074e-07,True,4.62,0.07239999999999999,False
44595.0,229.0,shard,358176.0,14609.0,1.0,7.0,22.0,28.0,25.0,14.0,4.0,8.570835999999999e-07,True,4.21,0.0618,False
44594.0,228.0,moist,361908.0,14205.0,3.0,13.0,32.0,29.0,16.0,7.0,1.0,5.0797100000000005e-06,True,4.0,0.0646,False
44593.0,227.0,those,351663.0,13606.0,1.0,13.0,34.0,30.0,15.0,6.0,1.0,0.0006227976,True,2.32,0.08399999999999999,False
44592.0,226.0,light,341314.0,13347.0,1.0,10.0,25.0,27.0,19.0,12.0,5.0,0.00023950259999999999,True,4.21,0.056400000000000006,False
44591.0,225.0,wrung,294687.0,11524.0,0.0,2.0,18.0,39.0,27.0,12.0,2.0,1.514482e-06,True,3.3,0.039799999999999995,False
44590.0,224.0,could,313220.0,11592.0,1.0,7.0,29.0,35.0,20.0,8.0,1.0,0.001276894,True,1.34,0.042800000000000005,False
44589.0,223.0,perky,296968.0,11148.0,1.0,4.0,17.0,30.0,27.0,17.0,4.0,5.680768e-07,False,3.07,0.04734,False
44588.0,222.0,mount,331844.0,11451.0,1.0,9.0,29.0,33.0,19.0,7.0,1.0,1.9633919999999996e-05,True,4.0,0.05700000000000001,False
44587.0,221.0,whack,302348.0,10163.0,1.0,4.0,22.0,37.0,24.0,10.0,2.0,1.0250464000000001e-06,True,3.48,0.04054,False
44586.0,220.0,sugar,276404.0,8708.0,1.0,6.0,25.0,34.0,23.0,9.0,1.0,3.672678e-05,False,4.87,0.0506,False
44585.0,219.0,knoll,258038.0,8317.0,1.0,1.0,11.0,29.0,33.0,21.0,4.0,1.0855366e-06,True,4.27,0.04594,True
44584.0,218.0,crimp,269929.0,7630.0,1.0,5.0,28.0,38.0,20.0,7.0,1.0,3.782386e-07,True,4.0,0.0402,False
44583.0,217.0,wince,241489.0,6850.0,1.0,3.0,17.0,33.0,29.0,15.0,3.0,1.387536e-06,True,4.15,0.0638,False
44582.0,216.0,prick,273727.0,7409.0,1.0,8.0,30.0,33.0,19.0,7.0,1.0,2.696754e-06,True,3.91,0.03694000000000001,False
44581.0,215.0,robot,243964.0,6589.0,1.0,8.0,29.0,34.0,20.0,8.0,1.0,1.0292994e-05,False,4.65,0.0632,True
44580.0,214.0,point,280622.0,7094.0,1.0,16.0,37.0,28.0,12.0,4.0,1.0,0.000306212,True,3.39,0.0644,False
44579.0,213.0,proxy,220950.0,6206.0,1.0,2.0,11.0,24.0,31.0,26.0,6.0,4.990537999999999e-06,False,2.07,0.0351,False
44577.0,211.0,solar,209609.0,4955.0,1.0,9.0,32.0,32.0,18.0,7.0,1.0,2.172242e-05,False,4.0,0.064,False
44576.0,210.0,panic,205880.0,4655.0,1.0,9.0,35.0,34.0,16.0,5.0,1.0,1.863406e-05,False,3.04,0.053200000000000004,False
44573.0,207.0,favor,137586.0,3073.0,1.0,4.0,15.0,26.0,29.0,21.0,4.0,2.7414699999999997e-05,False,2.07,0.049760000000000006,False
44572.0,206.0,drink,153880.0,3017.0,1.0,9.0,35.0,34.0,16.0,5.0,1.0,5.647384e-05,True,4.76,0.04954,False
44571.0,205.0,query,107134.0,2242.0,1.0,4.0,16.0,30.0,30.0,17.0,2.0,1.0179494e-05,False,2.89,0.04779,False
44570.0,204.0,gorge,91477.0,1913.0,1.0,3.0,13.0,27.0,30.0,22.0,4.0,2.676004e-06,True,4.15,0.061,True
44569.0,203.0,crank,101503.0,1763.0,1.0,5.0,23.0,31.0,24.0,14.0,2.0,1.5832519999999999e-06,True,4.5,0.04894,False
44568.0,202.0,slump,80630.0,1362.0,1.0,3.0,23.0,39.0,24.0,9.0,1.0,1.3717899999999999e-06,True,3.32,0.0348,False
